CurLB,CurUB
240000
78424
97436
240252.666666667
305442.5
321872
329016.5
325913.166666667
323898
331051.611111111
333693.888888889
335849.590909091
337384.005050505
339252.194638695
340749.690559441
341387.486790987
