CurLB,CurUB
240000
15337
127735
221458.666666667
303231.333333333
322535
331409
333104.571428572
333813.190476191
337955.349206349
342031.746031746
342617.572150072
341931.79004329
340852.423132423
343565.725663226
346107.10994561
347859.250721501
348742.455839912
348558.655315273
349821.018896222
349668.330800864
351102.318178124
351262.172602595
349938.46827102
351196.394398448
351790.351958981
351761.645626102
352296.373869626
352327.282094591
351841.886964981
352570.464350611
352665.138389592
353114.630741683
353363.343523964
353698.803993272
353496.779975669
353658.528704441
353470.899139156
354042.088355058
354051.982237988
353875.557844202
352244.993209901
353155.167745553
353457.095390887
353790.594337324
354069.449323132
354413.887617242
354553.924634137
354217.233652759
354310.041130674
354547.573845791
354719.820145148
354714.562327646
354513.072661809
354857.374539103
354438.981095487
354862.953463755
354611.545265067
354323.95184909
354583.486167177
354227.88977479
