CurLB,CurUB
60000
60059
51981
41431.6666666667
46187.6666666667
53472
