CurLB,CurUB
60000
82266
58038
61521.3333333333
63283.3333333333
70643.3333333334
73512
77710.5714285714
78254.2857142857
80274.5555555556
80284.7936507937
