CurLB,CurUB
60000
82209
58170
57213.3333333333
60525
65686.3333333333
72095.3333333333
76359.9523809524
77749.4761904762
79486.0476190476
81511.6984126984
