CurLB,CurUB
60000
57957
9397
8247.99999999999
25464.6666666666
40276.6666666667
50971.6666666667
58616.8095238096
67966.1428571429
71756.8015873016
76081.4523809524
79436.2799422799
81285.6378066378
82530.7365412366
84353.6416361416
84670.7902097902
85166.9063436563
86254.7919237625
85883.0354449472
84967.2416977587
86045.4430023021
86129.7831892909
86280.5884104716
86383.2850540936
86716.3333938014
86634.1934675643
86826.3327380319
87395.7165153936
87286.8197066689
86643.7940266625
87169.0771773783
87205.6861857738
86839.4695068279
87534.3399045404
87849.9919069411
87826.9208629604
87744.6085334008
87449.699723522
87859.3311978867
88170.4181341639
87936.9494181112
88307.1027514279
87942.5208951513
88085.3261995862
88178.3743250854
88052.1754957489
88031.1170224784
88422.1354376356
88308.6331294907
88459.0893588253
88533.6250971104
87883.8061487458
87853.5056896784
88251.7005611253
88451.6173442094
88522.38156666
88331.9632622837
88566.9131657151
88912.1413092112
88544.7811935279
88442.4890045713
