CurLB,CurUB
300000
-514081
-512676
-292441
-62440
121989
236631
311176.142857143
369194.428571429
401089.904761904
423956.952380952
431283.380952381
431123.203463203
432112.889443889
440966.448218448
439058.378621379
441897.154345654
444767.880707528
447687.436142289
445583.074056491
441636.948535984
446539.913060108
447860.380720415
449675.241383756
450431.081725673
451725.251915379
448337.409630752
451588.792310784
453738.063076586
455804.043031953
455602.31630439
457522.533190015
456274.2567127
457103.222385469
456749.782166723
456594.961177647
457462.23660488
459174.261728344
460224.733381928
460510.84388726
460672.813373444
460861.512727166
458859.259666188
459998.670237162
459596.146330407
460697.244826739
461532.869864812
460357.817914241
459122.895365904
460798.143632599
461182.413126363
462039.035856565
462400.33194933
462149.352185809
461729.526829379
462564.596848922
462583.931726013
462009.088514498
461876.8809673
462302.688401919
462483.077493859
