CurLB,CurUB
60000
57604
-4835
-6045.33333333333
2958.33333333328
20111.6666666666
29815
39323.1428571429
47365.380952381
53626.2063492064
59814.7698412698
64034.3138528138
64755.8210678211
65725.0813630814
63541.4961704962
68838.004051504
73017.7571872572
76116.757835302
77857.3247242953
79970.7621103527
81284.1919111161
81894.1908041219
82756.3169136505
82095.1045265663
83111.9413102265
83862.9785782187
83402.1774333263
83066.9168713037
83618.7081904737
84358.5165686952
84103.9942724018
83752.1296537265
84164.7221450331
83927.6352485104
84232.9249023232
84441.5175463562
84641.5407796619
85024.501328159
84990.8608914209
85247.5383563982
85063.193727964
84434.490795563
84210.235254151
84490.386996042
85039.17793489
85368.9981877679
85019.971173667
85112.0635213146
85422.4011898459
85331.7083441374
85016.9988374594
85116.7816213852
85305.3135061924
85426.3575330049
85915.3358913038
85803.0792174792
85890.6859314322
86084.4512429143
85774.0394991468
85799.9882110035
85636.5853604133
