CurLB,CurUB
4000
4400
4600
4733.33333333333
4833.33333333333
4890
4890
4890
4890
4890
4890
4890
4890
4890
4890
4890
4890
4890
4890
4890
4890
4890
4890
4890
4890
4890
4890
4890
4890
4890
4890
