CurLB,CurUB
300000
-283853
-311330
-116540.666666666
59695.666666667
195142.333333333
296412.333333334
346683.571428571
398269.023809524
435525.539682539
449215.150793651
460333.841269841
463443.073593074
466597.771117771
465965.845265845
468679.674214674
471132.535048285
472230.573180088
474526.05596038
476607.708373154
479071.18199439
479741.23945224
479815.089901928
480858.682849438
480386.698761215
482423.62455252
482972.910292068
483144.389460983
484403.983750716
485255.87131866
484418.46768804
485732.624149132
485983.635038606
485897.334897047
486945.452147512
487474.128531171
488022.032199658
488361.549466724
489137.004705306
488716.643400049
488026.846384451
488972.830825105
488816.421127602
489337.427347785
488292.981979147
488625.731350022
489594.942946493
489931.880314265
489586.270278112
489410.342666625
490405.421687033
490809.921212041
490842.299668921
490785.562478626
490827.865752852
490906.945833103
490543.458268619
490992.856632224
490860.301400378
491270.060485235
491440.423506773
