CurLB,CurUB
240000
93280
207487
311100
348237
358063.333333333
358397
362314.619047619
365618.214285714
370702.182539683
370858.03968254
371786.181818182
372889.27994228
373342.924686425
375290.671439672
376799.911199911
376268.635725386
378364.048169151
378977.309481368
380107.022294613
379411.268133312
380742.284068013
381455.571498075
381522.596572779
381821.587148404
382269.028630857
383203.733936081
383219.695832859
383416.69003545
384184.056962135
383727.104453699
384805.929759453
384986.086253466
384577.91233376
384650.658173414
384085.156868638
384184.45705432
383996.482427093
384748.792285628
385293.63320134
385623.332836329
385633.012696664
385827.783723653
385557.839123791
385966.066551049
386068.890444421
386080.901649937
386179.981054774
386265.972659547
386312.294336806
386181.097458277
386494.929744904
385946.280914746
386122.964024676
385725.150435365
385830.236604467
385895.464257923
386310.228350598
386371.536737628
386428.743017484
386193.881305275
