CurLB,CurUB
60000
82204
57568
56858.3333333333
59302.6666666667
68545.3333333333
74937.3333333333
78303.0476190476
