CurLB,CurUB
240000
80725
186901
295615
333449.333333333
342999.666666667
344205.666666667
347496.238095238
352219.30952381
355399.095238095
356112.80952381
359963.966089466
361692.283549784
361746.652902653
361609.034354534
362558.830669331
363627.94003219
365394.759183627
366256.499476014
366315.548494333
367169.932187695
368621.541613186
368562.386355732
367032.330171657
368351.005054774
369061.298473826
369089.697274424
368457.428287947
368926.269429261
369821.114346584
369894.902945743
370257.901090944
370373.923291561
370752.804154335
370517.99780902
370473.055163527
370746.486532499
370834.078571812
371560.026734493
371207.121904193
370484.770300094
370993.563219042
371606.871946585
371110.874928512
371099.978328088
371572.083109244
371828.856538868
371901.894073599
372117.609040983
372280.950437852
371942.66291039
372270.321945932
372285.60451296
372356.044690737
372308.13941827
372366.160545087
372137.975919822
372173.547584404
372442.797100784
372510.716544954
372546.113298376
