CurLB,CurUB
300000
-448544
-501621
-299062
-69293
86426
233420
318982.857142857
381570.714285715
423328.761904761
446821.571428571
458792.212121212
463929.961038961
464024.124209124
467917.966366966
470314.057942058
472429.368631368
470987.012242659
473691.213178978
478207.493796709
481544.948494745
483118.608763785
482339.543224062
483751.421233341
483840.604319627
486923.205364138
487329.621430372
488366.281826712
488331.731669364
490458.495026672
489857.151036101
491157.209511626
491841.837102821
492646.876669846
493933.589338204
493522.270265254
492118.39362046
494139.171526368
494741.398171156
493502.620698582
494014.890891105
493957.425844946
494971.065849859
495624.502812176
495926.458775386
496922.867003084
497086.873575724
496117.683602958
497279.073322739
497538.625674607
497722.680770123
498061.441063129
497621.113659706
498196.818874828
498108.848448511
498354.387544678
498463.185586023
498813.413623268
499402.635005467
499409.874805726
499206.386536267
