CurLB,CurUB
60000
82274
59204
59396.6666666667
63600.6666666667
70490.3333333334
75356
78486.5714285714
79008.8095238095
81465.253968254
81748.9523809524
