CurLB,CurUB
60000
82306
58478
62565.6666666667
64393
73284.3333333333
