CurLB,CurUB
240000
78424
97436
240252.666666667
305442.5
321872
329016.5
325913.166666667
323898
331051.611111111
333693.888888889
