CurLB,CurUB
60000
82557
64210
68798.3333333334
73920.6666666667
77882.6666666667
79969.3333333333
82621.1428571429
84021.619047619
84098.1587301587
84614.5396825397
84742.6046176047
85690.8066378066
85845.8228438229
85985.8038628039
86231.0115440115
85972.5973470974
86310.1659321071
86376.1093873447
86877.9658746826
87094.2559733009
86509.0372015326
87121.5851097647
87237.9767375802
87252.138157792
87482.6216999749
87646.2272079859
87731.28168874
87592.9529420017
87730.3752174749
87796.6575006572
87797.3068033051
87890.6234206749
87886.3213561286
87812.4074190974
87816.7745246009
87882.9239573462
87958.3939127975
87954.6107511465
88000.6013765823
88097.9258755794
88155.771727429
88190.4855533804
88276.1854376043
88334.602035851
88244.347176201
88330.1446190424
88174.8616930564
88138.0735993719
88128.7776181975
88267.2321957377
88326.705071895
88294.051746841
88397.0160248893
88454.2850237074
88412.000936574
88414.5001224314
88561.1578934489
88520.0088092209
88491.3809761138
88421.3082454086
88497.9512444948
88467.5605949472
88537.0415302204
88605.8546493898
88598.4164779049
88541.8317743085
88638.3933175142
88648.8520773087
88668.6559205412
88567.5586925098
88666.7376433877
88667.4486282613
88636.4156113597
88711.9340222811
88690.4868154769
88688.738661918
88638.5904548039
88635.8121432053
88712.43408093
88705.4743518727
88744.7133411615
88783.1067039991
88783.3292529401
88723.0909995582
88779.2517984861
88790.9613406273
88792.5529521855
88827.9911838213
88814.5401026551
88726.7632625732
