CurLB,CurUB
60000
74220
81330
85244
80336
79904
80700.5
81373.4285714285
82166.5714285714
82842.2142857142
83567.1785714285
84135.551948052
84413.1753246753
84736.9917582418
84982.7917082917
85273.8371628371
85434.1933066933
85500.5736249045
85709.7618998648
85875.4475737111
85881.0053990127
85806.8012649115
85987.1622046684
85990.0363545292
85967.2516085173
86160.5307421815
86159.9252287791
86108.3023138368
86230.3552647122
86259.1748280772
86287.239833892
