CurLB,CurUB
60000
82374
59909
62690
69363
76215.3333333333
79101
81973.6190476191
82497.8571428572
83487
82776.9206349207
82981.7215007215
83868.0505050505
84381.6060606061
84946.2994782995
84437.2433122433
85093.6253746254
85242.7045927928
85357.7611244964
85854.4780735261
85339.3006163083
85805.8322944685
85970.4064011324
85864.0100968788
85923.4156948703
85813.6672936328
86125.5188240141
86437.9295759704
86618.7016577371
86656.0855688317
86698.9407532159
86511.8221285109
86268.3226250201
86440.3859649774
86691.4542714384
86779.6079603924
86736.2150245864
86676.1412946825
86936.9379971118
87103.9769286051
87045.184866257
86763.9672710458
86979.179269512
87107.1449191388
87110.6501217399
87092.5743366956
87059.9181058902
87089.3009967738
87214.6809722992
87119.8026812682
87145.8760805957
87196.5977060256
87184.9955945819
87287.1803015521
87241.5044246399
87100.8635333897
87221.0628378229
87209.1756704235
87297.5930300803
87303.4320180127
87245.4500922897
87333.7407568981
87316.4103991248
87254.1079061319
87394.6629976142
87397.5276814081
87399.6579895735
87466.4862913467
87500.850923608
87419.0181325046
87450.9939101533
87509.8464817015
87415.6144822422
87457.1776768953
87424.6760581239
87383.1570016135
87529.534223429
87482.7083584735
87444.6484825839
87504.7975989438
87537.2844322443
87514.8421180399
87492.1299784788
87480.7402843457
87500.1922847899
87495.8615836662
87560.8408604222
87544.4627001467
87610.3340860844
87572.082226599
87561.0140979211
