CurLB,CurUB
300000
-178062
-169934
-89314.6666666674
26259.6666666669
173271.000000001
269561.333333333
340569.857142858
383868.714285715
417902.492063492
427682.650793651
430535.535353536
432913.810966811
437811.284826285
437899.766122766
440944.553557554
441451.546564547
443827.591323709
443444.098267745
445714.482368337
446311.364013008
447998.377157758
447657.976903042
450125.416448973
448921.251598673
450141.966632371
449282.522003101
450032.290525048
451271.750836611
451664.254791514
452898.576034989
453440.626002036
453112.532000436
451759.487973747
452860.255902633
453624.309511497
454336.556631311
453791.631567785
454282.74267198
455073.207264084
455109.837379691
455900.254621786
455886.900652047
455670.861193655
455735.449074275
456436.457727198
456453.434903766
457013.749733402
457117.529614802
456319.119637294
456864.351316174
