CurLB,CurUB
300000
-317039
-289822
-181435.333333332
24281.0000000002
183268.999999999
278354.333333334
346645.476190476
389903.642857143
427678.801587301
441932.087301587
452550.845598846
454972.242424243
457469.215950716
461857.093129093
461705.529193029
461758.172244422
463149.72095878
463819.958489223
467337.901454668
468079.320143307
467086.015508915
469180.057262311
469593.719391906
471735.177786214
473415.887380586
472637.677436569
472121.738979933
474352.368602854
475311.531401212
475461.717929366
476499.206716384
476000.056657889
476950.057569586
477608.387410345
477681.30071058
477581.477174602
477908.628751831
478315.836635408
478691.537146198
477859.671924939
477830.862861112
478444.78406008
478113.942189605
479520.979958395
479186.747615452
479304.26324426
478723.688135524
479419.248700975
479577.676815467
480024.97180369
480252.863485206
480980.756200635
480520.69291923
481254.004263773
480975.049984906
481539.560982114
480939.252865838
481369.802980527
481238.942618348
480612.547678977
