CurLB,CurUB
240000
179442
241145
316373.333333333
327928.333333333
336115
337497
339931.166666667
342991.75
341767.444444445
342200.75
344997.742424242
346663.724747475
347954.760878011
348964.498251748
349393.442501943
349829.918900544
350929.292935006
350799.498006079
350267.087791465
351363.037275289
351822.897390492
351869.316544824
352501.141327253
352849.83245203
353394.372733438
352693.752604754
352981.442443455
353333.404255163
353641.187975892
354035.394349807
354612.250078748
354530.420849614
354240.331338375
354241.763311646
354367.974164066
354512.321674675
355026.990870568
355247.719331585
355205.85097747
355196.724744211
355055.767934096
355440.501880623
355604.252424551
355534.562343749
355746.254029086
355916.832907728
355867.378659637
355698.156910948
355787.343862176
355732.13448489
355852.048784517
355958.523686164
355850.722142321
356012.186263648
356064.778098775
356039.214137104
355968.704696515
356117.043309441
356250.65355581
356354.080704561
356492.120057649
356503.517075331
356405.839846171
356464.019233858
356446.946225233
356561.060335833
356685.028387488
356648.132796002
356608.398602946
356664.438053984
