CurLB,CurUB
60000
74220
81330
85074
79734.5
78112
77776.5
78508.4285714286
79579.25
80541.9642857143
81519.4642857143
81907.262987013
82345.3441558442
82990.2375124875
83324.7862137862
83728.0799200799
84071.7897102897
84458.2896294882
84723.6590027619
84893.7388814745
84853.6359805056
84967.9664429997
85152.1893253805
85360.3418734651
85454.0053977689
85635.0704670178
85680.239063679
85663.5499528907
85794.4088606451
85891.4908838629
85908.2464030405
