CurLB,CurUB
60000
82204
58165
57604.6666666667
61321
67464.6666666667
73388
77420.7142857143
78388.0476190477
79403.1428571429
80690.6190476191
81733.0533910534
81995.2121212121
82353.4261294261
82892.5285825286
83279.143967144
83224.3616938617
83994.7144554792
84664.7115466233
84208.1457642804
84090.6762908574
84082.3097927185
84396.9489198452
85022.9334591987
85078.6197018683
85270.1896296895
85196.6057511833
85499.1825642538
85341.2953865182
85859.9447335916
85646.3120975741
85438.6197577908
85678.4330349055
85779.6409065163
85955.6241952127
86047.539168934
86084.3145397467
86219.2291540075
86080.6012206802
86009.7267787758
86021.5113022647
86179.9830917696
86216.8141504935
86384.9642411886
86413.6873605411
86174.9672542319
86078.5310579569
86244.2685735314
86199.9982289536
86415.1572496352
86529.8675174529
86510.5835952453
86507.4982170457
86407.3019625072
86247.3735835483
86433.8871116024
86552.5854751478
86584.0913073546
86606.5787669305
86546.9049864913
86575.2165625933
86601.3093422268
86552.2679022577
86490.9497607435
86559.5976069126
86604.88040845
86498.5227195728
86534.0471883277
86521.3341286625
86626.1346937169
86761.4890447431
86689.0176582169
86708.2183803704
86764.8340237436
86753.5020516736
86676.0937084098
86733.9736407102
86673.5374088615
86731.5263752725
86779.417424078
86741.5291009171
86686.0372911
86762.6211280109
86800.9327625345
86779.2733908549
86788.8310603785
86748.5635266806
86773.0404042751
86803.0566285794
86755.0442924897
86777.1373458988
