CurLB,CurUB
240000
130925
212128
324332.333333333
352200.666666667
359238
361012.666666667
368850.095238095
367730.547619048
372626.293650794
377064.857142857
380068.966810967
380921.243145743
378616.164446665
381146.303363303
383608.04978355
384691.407786658
386254.88331603
386426.494972348
388154.639573103
388045.952773834
388693.440670011
388783.880228303
386957.378118449
388986.735558996
389754.187532155
390035.378738266
390551.171666904
390689.269989756
390567.473391625
391521.318037364
391733.620889946
391809.30497955
392133.382117946
392175.518159589
392357.270071414
392256.481878747
392308.591809829
392392.948810113
392833.500169488
392999.160656361
393113.826866105
392592.878288596
392955.292886462
393278.999974356
393259.380510558
393483.122997398
393835.637221445
393751.391938379
393730.624257311
393626.818073521
393696.470350255
393527.872524662
393698.806734901
393591.067136532
393967.12949078
394022.564088387
393948.678767222
394319.967628789
394268.326234903
394399.139238247
