CurLB,CurUB
60000
82486
60901
65788.6666666667
73244.3333333334
76679.3333333333
79001.3333333333
81208.9523809524
81045.4761904762
81476.3492063492
82050.6825396826
82748.8903318903
83988.5454545455
84618.7289377289
85166.3058053058
85823.6566766567
86131.3898323898
86431.846907994
86578.996901791
86251.8369731404
86600.2601875249
86810.1207712137
86780.5768619066
87105.5259417001
87229.2897103047
87331.90266508
87302.2123804913
87306.0338245159
87582.0463919677
87754.6142316758
87698.4135636846
87443.5963348515
87497.2730576068
87503.1399977981
87694.5326271594
87810.3392075694
87944.6464444362
87984.2428384334
88036.5854369378
87959.1259365146
87910.3066838588
87906.3437800723
87929.9428068654
88051.3017002272
88173.2969898398
88190.593020965
88059.051691201
88239.2147078875
88245.9669730858
88144.7038706063
88171.6664433538
88304.5090539337
88358.2497729033
88331.3838964846
88391.902400379
88366.8809671152
88332.0861237683
88195.4749763594
88302.2785430366
88446.4248466647
88373.3459386636
88461.1903289949
88477.7871663298
88394.9059819615
88518.6729930594
88407.4050171997
88470.3345822916
88478.1918422203
88528.7546143381
88540.0159595992
88557.8316179952
88578.1044454248
88544.9116006659
88572.4588004298
88560.8902474976
88623.9750964968
88605.5367965664
88595.4255329807
88648.9502341211
88615.9769981532
88703.3590164514
88652.131226631
88620.6810980136
88620.919348232
88695.6159531749
88635.1654012297
88669.1301627332
88705.014608586
88618.6405565883
88649.7196907191
88656.5380080677
