CurLB,CurUB
240000
179581
248169
321553
331311.833333333
339183.333333333
341383.333333333
342569.166666667
344052.916666667
345375.527777778
347197.277777778
348162.648989899
348867.517676768
349555.207459208
349930.206487957
351192.358585859
352246.390540016
352906.538421546
353014.435508935
352106.159053322
352594.825756373
