CurLB,CurUB
240000
147037
225927
298364.666666667
324461.666666667
334242.833333333
334711.666666667
337329.333333333
338300.916666667
341074.527777778
343500.555555556
342202.44949495
344975.838383839
347072.247474748
346629.733100233
347488.254273504
348625.561868687
348838.665529732
350087.519522145
350407.921446244
349708.357899067
350615.579755642
350908.833438277
351413.059984533
351878.540186715
351817.680665938
352184.331669329
352314.415580009
352300.259372552
352033.006478537
352443.190758979
352012.867051554
352252.977807411
352952.909185477
353347.668134987
353246.734156765
353362.451911664
353594.55387969
353450.439343655
353562.364483641
353923.354512505
353966.043187921
353889.959583154
353675.114145737
353885.007192783
353616.940298758
353964.935056539
354055.394963358
354302.468260519
354255.52576438
354272.870576083
354224.0845972
354417.547005479
354440.140708171
354651.40357144
354753.457465676
354640.436754887
354597.336629234
354586.531602551
354564.947386987
354546.222264391
354470.439060669
354530.645864011
354629.428393438
354855.887124237
354947.024735671
354992.673208872
354753.405783717
354969.631917883
354986.700725146
355033.762855192
