CurLB,CurUB
240000
179632
257260
324828.666666667
330850
336243.833333333
342941.166666667
344812.666666667
344706.833333333
344872.111111111
347121.5
